,id,reddit_post_id,title,comment,upvotes,score_pos,score_compound,score,people,organization,score_neg,score_neu
0,1,yqa3cg,"John Fetterman wins Pennsylvania Senate race, defeating TV doctor Mehmet Oz and flipping key state for Democrats",Man I can't wait to hear all the crazy laws Fetterman will pass according to my Fox News loving coworkers.  Edit: Holy shit didn't think this would blow up. Thank you and apologies for not responding to comments.,6193.0,0.141,0.1027,3,,,0.132,0.727
1,2,yqa3cg,"John Fetterman wins Pennsylvania Senate race, defeating TV doctor Mehmet Oz and flipping key state for Democrats",Fuck yes,11875.0,0.435,-0.2023,1,,,0.565,0.0
2,3,yqa3cg,"John Fetterman wins Pennsylvania Senate race, defeating TV doctor Mehmet Oz and flipping key state for Democrats",Miscalculation by the GOP and OZ to focus and mock a health condition that many people in the US deal with. Cool to see someone bounce back from a stroke and win a Senate election.,8002.0,0.161,0.5106,3,,,0.074,0.765
3,4,yqa3cg,"John Fetterman wins Pennsylvania Senate race, defeating TV doctor Mehmet Oz and flipping key state for Democrats",YES THANK YOU PENNSYLVANIA. You all showed up!! Fetterman will be my favorite Senator in Congress now. Oz can move back to New Jersey and hopefully fade away into obscurity now.,1759.0,0.324,0.9178,5,,,0.0,0.676
4,5,yqa3cg,"John Fetterman wins Pennsylvania Senate race, defeating TV doctor Mehmet Oz and flipping key state for Democrats",All else aside I'm just really happy to see such a GOOD MAN win an election like this. Great job PA even if it was tight,4733.0,0.485,0.9628,5,,,0.0,0.515
5,6,yqa3cg,"John Fetterman wins Pennsylvania Senate race, defeating TV doctor Mehmet Oz and flipping key state for Democrats",Amazing result. Dems actually gaining senate seats this year is ridiculous. The GOP is paying big time for bad candidates like Oz and their unpopular abortion stances.,5727.0,0.245,0.4767,3,,,0.162,0.593
6,7,yqa3cg,"John Fetterman wins Pennsylvania Senate race, defeating TV doctor Mehmet Oz and flipping key state for Democrats","It would‚Äôve broken my heart to see Fetterman‚Äôs less than perfect debate showing sink his campaign. He has so much heart and cares about regular folks. And when not being forced to speak in quick soundbytes, his campaign did well combatting political narratives.   I hope he goes far. And makes a swift recovery so the skeptical can see him the way we do.",401.0,0.211,0.8411,4,,,0.076,0.713
7,8,yqa3cg,"John Fetterman wins Pennsylvania Senate race, defeating TV doctor Mehmet Oz and flipping key state for Democrats",PA just elected the most pro-union Senator in the US.    Union YES baby.,5328.0,0.222,0.5319,5,,,0.0,0.778
8,9,yqa3cg,"John Fetterman wins Pennsylvania Senate race, defeating TV doctor Mehmet Oz and flipping key state for Democrats",This man is American Hero. Watching him pull bigger numbers than Biden did in Scranton. I‚Äôm impressed by this guys humbleness and real American persona. We need more real people like this in politics.,378.0,0.234,0.8578,5,,,0.0,0.766
9,10,yqa3cg,"John Fetterman wins Pennsylvania Senate race, defeating TV doctor Mehmet Oz and flipping key state for Democrats",It‚Äôs embarrassing that it‚Äôs as close as it is. Oz is a snake oil salesman who isn‚Äôt even from Pennsylvania.,72.0,0.0,-0.3818,2,,,0.126,0.874
10,11,yqa3cg,"John Fetterman wins Pennsylvania Senate race, defeating TV doctor Mehmet Oz and flipping key state for Democrats",Let‚Äôs fucking go can‚Äôt wait til the first time I see this big old motherfucker wearing all Dickies on the senate floor,1380.0,0.0,-0.6808,2,,,0.187,0.813
11,12,yqa3cg,"John Fetterman wins Pennsylvania Senate race, defeating TV doctor Mehmet Oz and flipping key state for Democrats",Fetterman should be eating crudite while giving his acceptance speech.,443.0,0.403,0.6597,5,,,0.0,0.597
12,13,yqa3cg,"John Fetterman wins Pennsylvania Senate race, defeating TV doctor Mehmet Oz and flipping key state for Democrats",I don't wanna brag or anything but without me Fetterman would have had one less vote. Fuck yeah PA!!,433.0,0.103,-0.5442,2,,,0.211,0.686
13,14,yqa3cg,"John Fetterman wins Pennsylvania Senate race, defeating TV doctor Mehmet Oz and flipping key state for Democrats","Being a carpetbagger doesn't go over well with Pennsylvanians.  If it wasn't for Fetterman's struggles at the debate due to his stroke, this wouldn't have even been close.",493.0,0.073,0.0762,3,,,0.063,0.864
14,15,yqa3cg,"John Fetterman wins Pennsylvania Senate race, defeating TV doctor Mehmet Oz and flipping key state for Democrats",how this was even close is fucking beyond me. how Herschel Walker and Warnock is even close is fucking SUPER beyond me. anyone still voting republican in 2022 fucking hates their country.,1487.0,0.129,0.4084,3,,,0.084,0.787
15,16,yqa3cg,"John Fetterman wins Pennsylvania Senate race, defeating TV doctor Mehmet Oz and flipping key state for Democrats",Fucking finally!,181.0,0.0,0.0,3,,,0.0,1.0
16,17,yqa3cg,"John Fetterman wins Pennsylvania Senate race, defeating TV doctor Mehmet Oz and flipping key state for Democrats",It's shake and bake baby   AND I HELPED!! WOO HOOO!!,109.0,0.365,0.6487,5,,,0.124,0.511
17,18,yqa3cg,"John Fetterman wins Pennsylvania Senate race, defeating TV doctor Mehmet Oz and flipping key state for Democrats","**the BETTERMAN won.**  &#x200B;  this alone makes me crack a true smile on this night.  &#x200B;  we did it, Lads!",111.0,0.235,0.5175,4,,,0.094,0.671
18,19,yqa3cg,"John Fetterman wins Pennsylvania Senate race, defeating TV doctor Mehmet Oz and flipping key state for Democrats","Do not let this momentum down. Do not let the next two years or any comfort returning to our systems allow you to forget or grow complacent. Keep up with knowing and contacting your current leaders as well as any prospectives for the next election. It is the people who must protect democracy and freedom above all, even if our institutions fail. The Supreme Court is still stacked illegitimately.   We must remain vigilant. We must not forget that politics cannot be turned off for so many that the democrats are allies towards (due to race, sexuality, relationships, gender, identity, and so much more). We must not forget that the past eight years since Trump picked up his vulgar campaigns has exposed the rot in our country and the outright danger these groups that cannot turn off politics are in from their own neighbors. KKK resurgences in rural communities, nazi proud boy torch marches, protestors being plowed through where a woman was killed, violences against people specifically targetted for their race, immigration status, sexuality, or religion. And of course January 6th.  We must never forget if we want our country to withstand the next two decades, let alone trying to envision it in the next century.",33.0,0.099,0.1027,3,,,0.102,0.799
19,20,yqa3cg,"John Fetterman wins Pennsylvania Senate race, defeating TV doctor Mehmet Oz and flipping key state for Democrats","NBC called it. Republicans are fucked.  They need Georgia and Nevada,  and things are not looking likely for them. Wornock just took the lead. Hell, Democrats can lose Nevada and still control the Senate with Kamala.",519.0,0.0,-0.9136,1,,,0.262,0.738
20,21,yqa3cg,"John Fetterman wins Pennsylvania Senate race, defeating TV doctor Mehmet Oz and flipping key state for Democrats",Good. Dr. Oz has no place in politics,156.0,0.261,0.1779,3,,,0.198,0.541
21,22,yqa3cg,"John Fetterman wins Pennsylvania Senate race, defeating TV doctor Mehmet Oz and flipping key state for Democrats","And since Oz constantly mocked Fetterman's condition, I will now constantly mock Oz for losing to a man with said condition.",92.0,0.0,-0.7717,1,,,0.325,0.675
22,23,yqa3cg,"John Fetterman wins Pennsylvania Senate race, defeating TV doctor Mehmet Oz and flipping key state for Democrats","This is such great news! Some great Dem optimism tonight. Lauren Boebert is losing in Colorado and I love it. Absolutely love it. Also, the new 8th district in CO is currently being led by the Democrat nominee.",87.0,0.378,0.9628,5,,,0.048,0.574
23,24,yqa3cg,"John Fetterman wins Pennsylvania Senate race, defeating TV doctor Mehmet Oz and flipping key state for Democrats","So much for that red wave. Fuck you, Donald.",138.0,0.0,-0.5423,1,,,0.304,0.696
24,25,yqa3cg,"John Fetterman wins Pennsylvania Senate race, defeating TV doctor Mehmet Oz and flipping key state for Democrats","I think this is the first time in a while I've felt that there's still some hope left for my faith in america, however small that may be. Fetterman is one of the few politicians left that seems to be in it to make a difference rather than to just have power.",162.0,0.108,0.6908,4,,,0.0,0.892
25,26,yqa3cg,"John Fetterman wins Pennsylvania Senate race, defeating TV doctor Mehmet Oz and flipping key state for Democrats",Get fucked fascist.,78.0,0.0,-0.8402,1,,,0.889,0.111
26,27,yqa3cg,"John Fetterman wins Pennsylvania Senate race, defeating TV doctor Mehmet Oz and flipping key state for Democrats","Oh thank fuck.  Go fuck yourself, ""Doctor"" Oz, you snake-oil salesman.",71.0,0.143,-0.6705,1,,,0.4,0.457
27,28,yqa3cg,"John Fetterman wins Pennsylvania Senate race, defeating TV doctor Mehmet Oz and flipping key state for Democrats",Fetterman will get better. Oz will always be a piece of trash.,67.0,0.225,0.4404,5,,,0.0,0.775
28,29,yqa3cg,"John Fetterman wins Pennsylvania Senate race, defeating TV doctor Mehmet Oz and flipping key state for Democrats","My state worries me sometimes, but really came through tonight.",103.0,0.0,-0.2263,2,,,0.174,0.826
29,30,yqa3cg,"John Fetterman wins Pennsylvania Senate race, defeating TV doctor Mehmet Oz and flipping key state for Democrats",Fetterman was the Betterman,21.0,0.0,0.0,3,,,0.0,1.0
30,31,yqa3cg,"John Fetterman wins Pennsylvania Senate race, defeating TV doctor Mehmet Oz and flipping key state for Democrats","If he can continue to recover from his stroke, Fetterman is one of the few Bernie types who Id actually be excited to see run in a presidential election. Are there any other young progressives in the senate ?",159.0,0.062,0.34,3,,,0.0,0.938
31,32,yqa3cg,"John Fetterman wins Pennsylvania Senate race, defeating TV doctor Mehmet Oz and flipping key state for Democrats","PA voter here, I voted for Fetterman and I couldn't be happier",18.0,0.0,-0.4168,1,,,0.236,0.764
32,33,yqa3cg,"John Fetterman wins Pennsylvania Senate race, defeating TV doctor Mehmet Oz and flipping key state for Democrats","Res wave is canceled, jack",119.0,0.0,0.0,3,,,0.0,1.0
33,34,yqa3cg,"John Fetterman wins Pennsylvania Senate race, defeating TV doctor Mehmet Oz and flipping key state for Democrats",He's like Bernie but big,83.0,0.304,0.1901,5,,,0.0,0.696
34,35,yqa3cg,"John Fetterman wins Pennsylvania Senate race, defeating TV doctor Mehmet Oz and flipping key state for Democrats","I am not going to lie. I am kind of addicted to social media. I also have pretty bad anxiety. I made the decision not to look at anything election related after I cast my vote at noon.   It was tough as hell, but I lasted all night until I just woke up. This being the first thing I saw was unbelievable joy.  Fucking hell yes. I am so god damn happy.",15.0,0.242,0.7171,3,,,0.198,0.56
35,36,yqa3cg,"John Fetterman wins Pennsylvania Senate race, defeating TV doctor Mehmet Oz and flipping key state for Democrats","The snake-oil salesman hisses in defeat, before quickly slithering into a nearby storm drain.",15.0,0.0,-0.4588,2,,,0.2,0.8
36,37,yqa3cg,"John Fetterman wins Pennsylvania Senate race, defeating TV doctor Mehmet Oz and flipping key state for Democrats","As fantastic as it is that Fetterman won, Shapiro winning the governor's race in PA is a much, much bigger deal if you actually live in PA.  PA's state legislative districts are gerrymandered to hell and republicans basically have total control over which laws get sent to the governor's desk to sign. Had Mastriano won, the republican party would have had free reign to pass all the worst laws you've seen from states like Texas and Florida. Abortion would have been banned immediately. Mail in voting would have been banned immediately. Anti-trans bathroom bills would be passed. ""Don't say gay"" laws. You name it, Mastriano and the PA republican party would have had free reign to act on all of their worst impulses. Thank god Shapiro won.",15.0,0.225,0.9468,4,,,0.114,0.661
37,38,yqa3cg,"John Fetterman wins Pennsylvania Senate race, defeating TV doctor Mehmet Oz and flipping key state for Democrats",The senate is basically safe with this win right?,186.0,0.489,0.7717,5,,,0.0,0.511
38,39,yqa3cg,"John Fetterman wins Pennsylvania Senate race, defeating TV doctor Mehmet Oz and flipping key state for Democrats","Go back to NJ Oz - Wait, we don‚Äôt want you either üò±",77.0,0.115,0.0772,4,,,0.0,0.885
39,40,yqa3cg,"John Fetterman wins Pennsylvania Senate race, defeating TV doctor Mehmet Oz and flipping key state for Democrats",I‚Äôve worked in the disability services field for years and many of those years were providing live captioning services. I watched people mock Fetterman for using live captions and mock him for struggling during the debates. I COULD FUCKING CRY that despite the negative press about his stroke and use of captions during interviews and debates that PA elected the best fucking candidate possible. FUCK YES!,17.0,0.126,-0.8135,3,,,0.213,0.661
40,41,yqa3cg,"John Fetterman wins Pennsylvania Senate race, defeating TV doctor Mehmet Oz and flipping key state for Democrats","As an Armenian-American who‚Äôs a registered Democrat, I‚Äôm so happy.   Oz is a pro-Erdogan Armenian genocide denier.   Fuck him. Glad he lost.  GG Fetterman and Pennsylvanians.",66.0,0.289,0.5226,3,,,0.224,0.487
41,42,yqa3cg,"John Fetterman wins Pennsylvania Senate race, defeating TV doctor Mehmet Oz and flipping key state for Democrats",I hope he wears a ‚ÄúFuck Ted Cruz‚Äù hoodie for his inauguration,12.0,0.244,0.4404,5,,,0.0,0.756
42,43,yqa3cg,"John Fetterman wins Pennsylvania Senate race, defeating TV doctor Mehmet Oz and flipping key state for Democrats",Can‚Äôt wait to see the meltdown over in r/Conservative. Christmas came early üòâ.,12.0,0.0,0.0,3,,,0.0,1.0
43,44,yqa3cg,"John Fetterman wins Pennsylvania Senate race, defeating TV doctor Mehmet Oz and flipping key state for Democrats","Pound sand, Dr Oz, you zero integrity fraud.   https://twitter.com/jimmykimmellive/status/1589847874107371520",34.0,0.194,-0.296,3,,,0.284,0.522
44,45,yqa3cg,"John Fetterman wins Pennsylvania Senate race, defeating TV doctor Mehmet Oz and flipping key state for Democrats",Life long republican here. Fuck tv stars running for office. Voted blue across the board this election as well as my old man who vote red since the 70's. He was ashamed to think he would have to vote for Oz,50.0,0.045,-0.6705,3,,,0.141,0.814
45,46,yqa3cg,"John Fetterman wins Pennsylvania Senate race, defeating TV doctor Mehmet Oz and flipping key state for Democrats","So happy to do my part here in PA, LETS GOOOO",11.0,0.285,0.6115,5,,,0.0,0.715
46,47,yqa3cg,"John Fetterman wins Pennsylvania Senate race, defeating TV doctor Mehmet Oz and flipping key state for Democrats",Fuck yeah! He and Shapiro both had my vote.,11.0,0.169,-0.3802,2,,,0.292,0.539
47,48,yqa3cg,"John Fetterman wins Pennsylvania Senate race, defeating TV doctor Mehmet Oz and flipping key state for Democrats","Any politician who thinks women should consult their ‚Äúlocal politicians‚Äù about their bodies can go and get fucked, and lose their medical license!",11.0,0.0,-0.8122,1,,,0.26,0.74
48,49,yqa3cg,"John Fetterman wins Pennsylvania Senate race, defeating TV doctor Mehmet Oz and flipping key state for Democrats","Thrilled for Fetterman and PA, saddened it was even this close",66.0,0.19,-0.128,3,,,0.222,0.588
49,76,yqa3cg,"John Fetterman wins Pennsylvania Senate race, defeating TV doctor Mehmet Oz and flipping key state for Democrats",Now get this piece of shit Oz off my fucking TV screen for good,6171.0,0.157,-0.1779,3,,,0.195,0.649
50,50,yqa3cg,"John Fetterman wins Pennsylvania Senate race, defeating TV doctor Mehmet Oz and flipping key state for Democrats","Christian Nationalism was repudiated by Pennsylvania voters tonight - Mastriano was annihilated, and Oz lost because of his ridiculous stance on abortion, his decision to spew nonsense about a woman and a doctor and local politicians, nonsense which he clearly doesn't actually believe.",10.0,0.056,-0.7579,2,,,0.213,0.731
51,51,yqa3cg,"John Fetterman wins Pennsylvania Senate race, defeating TV doctor Mehmet Oz and flipping key state for Democrats","I can‚Äôt believe he only won by like 100k votes. Nearly half of the people voted for a corporate snake oil salesman over an actual public servant. A majority in my county, in fact. My backwoods corner of Pennsyltucky that could seriously use someone willing to fight this inflation/corporate greed crisis rather than just fill the ultra-wealthy‚Äôs coffers some more. (Also let women keep their bodily autonomy, that‚Äôs pretty cool too)",8.0,0.141,0.1531,3,,,0.134,0.725
52,52,yqa3cg,"John Fetterman wins Pennsylvania Senate race, defeating TV doctor Mehmet Oz and flipping key state for Democrats","Never Trump Republican voter here. You know what? Stop posting attack ads, and never make fun of people who have had a medical event like a stroke. And let women decide the abortion issue. If you can‚Äôt play nice I will continue to spoil your party.",10.0,0.191,0.3395,3,,,0.147,0.662
53,53,yqa3cg,"John Fetterman wins Pennsylvania Senate race, defeating TV doctor Mehmet Oz and flipping key state for Democrats","the big one, Senate remains blue",57.0,0.0,0.0,3,,,0.0,1.0
54,54,yqa3cg,"John Fetterman wins Pennsylvania Senate race, defeating TV doctor Mehmet Oz and flipping key state for Democrats","Congrats Fetterman, now LFG Warnock, get it done!  I don't want a runoff, I need to at least have some glimmer of hope since I live in a shit state.",7.0,0.203,0.4157,3,,,0.149,0.648
55,55,yqa3cg,"John Fetterman wins Pennsylvania Senate race, defeating TV doctor Mehmet Oz and flipping key state for Democrats",Anybody hankering for some crudit√©s?,9.0,0.0,0.0,3,,,0.0,1.0
56,56,yqa3cg,"John Fetterman wins Pennsylvania Senate race, defeating TV doctor Mehmet Oz and flipping key state for Democrats",Now oz can fuck off back to jersey or California or whatever for good.,8.0,0.158,-0.1531,3,,,0.19,0.652
57,57,yqa3cg,"John Fetterman wins Pennsylvania Senate race, defeating TV doctor Mehmet Oz and flipping key state for Democrats","Fetterman scares the fuck out of Republicans because he looks like one of them, talks better than any of them and is tough as hell.   Tucker Cuck-son is scared shitless because Fetterman actually walks the walk, and Fucker Cuck-son knows he would get his ass handed to him by the 6'8 Fetterman.",9.0,0.076,-0.9538,1,,,0.319,0.605
58,58,yqa3cg,"John Fetterman wins Pennsylvania Senate race, defeating TV doctor Mehmet Oz and flipping key state for Democrats",As european it's wild that this is even a remotely close thing.  Oz is literally a snakesoil selling scam artist.,10.0,0.0,-0.5719,2,,,0.179,0.821
59,59,yqa3cg,"John Fetterman wins Pennsylvania Senate race, defeating TV doctor Mehmet Oz and flipping key state for Democrats","PA is an older state, with many rural and semi-rural people who suffer health conditions. They don‚Äôt take well to mock something like a stroke.",11.0,0.149,-0.4019,3,,,0.204,0.647
60,60,yqa3cg,"John Fetterman wins Pennsylvania Senate race, defeating TV doctor Mehmet Oz and flipping key state for Democrats",‚ÄúActual politician bests fake TV doctor‚Äù how are we in a time and place where we even had to worry if that shit stain Oz was going to win,9.0,0.102,-0.7003,2,,,0.257,0.642
61,61,yqa3cg,"John Fetterman wins Pennsylvania Senate race, defeating TV doctor Mehmet Oz and flipping key state for Democrats","Looks like crudit√© is back on the menu, boys!",10.0,0.259,0.4199,5,,,0.0,0.741
62,62,yqa3cg,"John Fetterman wins Pennsylvania Senate race, defeating TV doctor Mehmet Oz and flipping key state for Democrats",Nah I need to see final results. ü§ûü§ûü§û I can‚Äôt get excited yet. Last few cycles have taught me that but goddamn I‚Äôm using all my wishes on this one,49.0,0.109,-0.4118,3,,,0.162,0.728
63,63,yqa3cg,"John Fetterman wins Pennsylvania Senate race, defeating TV doctor Mehmet Oz and flipping key state for Democrats",Oh thank christ,26.0,0.556,0.3612,5,,,0.0,0.444
64,64,yqa3cg,"John Fetterman wins Pennsylvania Senate race, defeating TV doctor Mehmet Oz and flipping key state for Democrats",The betterman won,24.0,0.649,0.5719,5,,,0.0,0.351
65,65,yqa3cg,"John Fetterman wins Pennsylvania Senate race, defeating TV doctor Mehmet Oz and flipping key state for Democrats",Thank the fucking lord that Dr OZ did not become an elected rep in this country highest in the land. What an embarrassment for this country that the quack-doctor on tv was even in the running.,22.0,0.063,-0.1027,3,,,0.074,0.863
66,66,yqa3cg,"John Fetterman wins Pennsylvania Senate race, defeating TV doctor Mehmet Oz and flipping key state for Democrats",">decisions to be made by the woman, her doctor and ‚Äúlocal political leaders.‚Äù  --Dr. Oz  A fucking doctor said this. How local? Does he want to bring in the ward alderman or the school board chairman to do a consult? Jesus. Do better, Republicans. Well-earned, Trump-endorsed shellacking in Pennsylvania tonight for the GOP.",8.0,0.085,0.5514,3,,,0.0,0.915
67,67,yqa3cg,"John Fetterman wins Pennsylvania Senate race, defeating TV doctor Mehmet Oz and flipping key state for Democrats",Stop calling him a doctor,7.0,0.0,-0.296,1,,,0.423,0.577
68,68,yqa3cg,"John Fetterman wins Pennsylvania Senate race, defeating TV doctor Mehmet Oz and flipping key state for Democrats","Well done, Pennsylvanians.",9.0,0.512,0.2732,5,,,0.0,0.488
69,69,yqa3cg,"John Fetterman wins Pennsylvania Senate race, defeating TV doctor Mehmet Oz and flipping key state for Democrats","I hope the attack ads are true and he releases 10,000 non violent drug ""offenders""",2539.0,0.251,-0.3182,3,,,0.308,0.441
70,70,yqa3cg,"John Fetterman wins Pennsylvania Senate race, defeating TV doctor Mehmet Oz and flipping key state for Democrats","My fellow Pennsylvanians seemed worried that fetterman was going to open our borders, so I guess we better get prepared for the onslaught from Ohio.   Ironic since the only invader seemed to be Mehmet from Jersey.",1198.0,0.127,0.3321,3,,,0.093,0.78
71,71,yqa3cg,"John Fetterman wins Pennsylvania Senate race, defeating TV doctor Mehmet Oz and flipping key state for Democrats",I heard obligatory prostate cancer screens every day before work was one of them,401.0,0.0,-0.6597,1,,,0.268,0.732
72,72,yqa3cg,"John Fetterman wins Pennsylvania Senate race, defeating TV doctor Mehmet Oz and flipping key state for Democrats",I hope he just gets into the senate and stares down at the republican senators all like a whole foot shorter than him like he‚Äôs done raid boss,17.0,0.256,0.7845,5,,,0.0,0.744
73,73,yqa3cg,"John Fetterman wins Pennsylvania Senate race, defeating TV doctor Mehmet Oz and flipping key state for Democrats","I saw a massive billboard ad a couple days ago that said ""FETTERMAN WANTS TO LEGALIZE HEROIN"". I knew exactly who I was going to vote for at that point.",14.0,0.0,0.0,3,,,0.0,1.0
74,74,yqa3cg,"John Fetterman wins Pennsylvania Senate race, defeating TV doctor Mehmet Oz and flipping key state for Democrats","Mandatory gender re-assignment surgery for all children under the age of 13, Planned Parenthood on Mars",12.0,0.08,0.0772,3,,,0.0,0.92
75,75,yqa3cg,"John Fetterman wins Pennsylvania Senate race, defeating TV doctor Mehmet Oz and flipping key state for Democrats",According to the ads he‚Äôs about to sleep with my wife and abort my 3 year old.,8.0,0.0,0.0,3,,,0.0,1.0
76,528,yvjde7,Democrat Katie Hobbs defeats MAGA favorite Kari Lake in high-stakes race for governor in Arizona,The fact that it was close is scary.,184.0,0.0,-0.4939,1,,,0.314,0.686
77,77,yqa3cg,"John Fetterman wins Pennsylvania Senate race, defeating TV doctor Mehmet Oz and flipping key state for Democrats","I live in PA and went to one of his Town hall stops on legalized marijuana back in 2019. Since that day I wanted him to be Governor, but this is even better in my opinion. Once he fully recovers the whole country will get see what I saw that day. This man cares about people and making choices to help his constituents. I think he‚Äôs going to be a folk hero.",1896.0,0.205,0.9517,4,,,0.016,0.779
78,78,yqa3cg,"John Fetterman wins Pennsylvania Senate race, defeating TV doctor Mehmet Oz and flipping key state for Democrats","Besides Florida, what a disaster for Republicans tonight!  Like maybe Lake comes back and Johnson probably holds on, but it's been bad for them otherwise. Warnock has a decent chance of winning tonight outright.",648.0,0.21,0.2124,3,,,0.168,0.622
79,79,yqa3cg,"John Fetterman wins Pennsylvania Senate race, defeating TV doctor Mehmet Oz and flipping key state for Democrats","My EXACT sentiment, wiscowonder. So happy for us, and so happy for Fetterman. What a brave man to put himself out there after a stroke. Congratulations, Sir!!",48.0,0.43,0.9507,5,,,0.0,0.57
80,80,yqa3cg,"John Fetterman wins Pennsylvania Senate race, defeating TV doctor Mehmet Oz and flipping key state for Democrats",Fuckyesserman,21.0,0.0,0.0,3,,,0.0,1.0
81,81,yqa3cg,"John Fetterman wins Pennsylvania Senate race, defeating TV doctor Mehmet Oz and flipping key state for Democrats",A doctor was mocking medical conditions?,3066.0,0.0,-0.4019,1,,,0.403,0.597
82,82,yqa3cg,"John Fetterman wins Pennsylvania Senate race, defeating TV doctor Mehmet Oz and flipping key state for Democrats","Oz was such a weak candidate.  Fetterman was vulnerable because of the health condition, but in so many other ways probably appealed to swing voters.  Seems like a very good and definitely down to earth guy.",613.0,0.262,0.8775,4,,,0.077,0.661
83,83,yqa3cg,"John Fetterman wins Pennsylvania Senate race, defeating TV doctor Mehmet Oz and flipping key state for Democrats",Hard to believe that R‚Äôs had a problem with fettermans stroke but not walkers CTE,13.0,0.0,-0.2617,1,,,0.203,0.797
84,84,yqa3cg,"John Fetterman wins Pennsylvania Senate race, defeating TV doctor Mehmet Oz and flipping key state for Democrats",It's really stupid to mock a guy for having a stroke. Because then when you lose you got your ass kicked by someone who just had a stroke.,44.0,0.0,-0.9179,1,,,0.382,0.618
85,85,yqa3cg,"John Fetterman wins Pennsylvania Senate race, defeating TV doctor Mehmet Oz and flipping key state for Democrats",Oz was honestly done for way before that. I think people overestimated the effect that that single debate had on voters opinions. Oz showed his ass for months.,8.0,0.095,-0.128,3,,,0.111,0.794
86,86,yqa3cg,"John Fetterman wins Pennsylvania Senate race, defeating TV doctor Mehmet Oz and flipping key state for Democrats","I am glad fetterman won, but I doubt it was a miscalculation. It seemed like the polls got way closer after the stroke. Dr. Oz is probably on the list of most flawed candidates ever to run for office. I mean, his experience is scamming people with health supplements and he fucking lives in New Jersey.",9.0,0.129,0.5187,3,,,0.055,0.816
87,87,yqa3cg,"John Fetterman wins Pennsylvania Senate race, defeating TV doctor Mehmet Oz and flipping key state for Democrats",The amount of posts on here saying ‚Äúoh why didn‚Äôt they just pick a healthy candidate‚Äù for the past two weeks have been flooding through. Hoping those bots can take a well needed rest.,9.0,0.208,0.765,5,,,0.0,0.792
88,88,yqa3cg,"John Fetterman wins Pennsylvania Senate race, defeating TV doctor Mehmet Oz and flipping key state for Democrats",We don‚Äôt want him. Hopefully he‚Äôll go to FL or something.,327.0,0.308,0.4588,5,,,0.0,0.692
89,89,yqa3cg,"John Fetterman wins Pennsylvania Senate race, defeating TV doctor Mehmet Oz and flipping key state for Democrats",Would‚Äôve been such an embarrassment for the commonwealth if snake oil salesman Oz got elected. Glad most of us made the right choice.,1415.0,0.112,0.0258,3,,,0.108,0.781
90,90,yqa3cg,"John Fetterman wins Pennsylvania Senate race, defeating TV doctor Mehmet Oz and flipping key state for Democrats","Holy fuck yes this, this 1000000x!",78.0,0.257,-0.2714,2,,,0.361,0.381
91,91,yqa3cg,"John Fetterman wins Pennsylvania Senate race, defeating TV doctor Mehmet Oz and flipping key state for Democrats",It would‚Äôve stayed a bloodbath/red wave had SCOTUS not overturned Roe V Wade. I‚Äôm happy they were too stupid to hold off from doing it until after midterms,2940.0,0.119,0.0772,3,,,0.109,0.772
92,92,yqa3cg,"John Fetterman wins Pennsylvania Senate race, defeating TV doctor Mehmet Oz and flipping key state for Democrats",I think Oz is just a bad candidate - abortion aside.,477.0,0.0,-0.5423,1,,,0.333,0.667
93,93,yqa3cg,"John Fetterman wins Pennsylvania Senate race, defeating TV doctor Mehmet Oz and flipping key state for Democrats",Not American but how the fuck are Dems losing the House after Roe V Wade?,318.0,0.0,-0.8462,1,,,0.404,0.596
94,94,yqa3cg,"John Fetterman wins Pennsylvania Senate race, defeating TV doctor Mehmet Oz and flipping key state for Democrats",This might make trump not get the nomination.,38.0,0.0,0.0,3,,,0.0,1.0
95,95,yqa3cg,"John Fetterman wins Pennsylvania Senate race, defeating TV doctor Mehmet Oz and flipping key state for Democrats","100%. The debate format was the worst possible format for him, and yet he still showed up and did it, takes guts and shows he cares. He knew he‚Äôd be a a disadvantage in that format but wanted to show.   So so glad he won!",130.0,0.242,0.9024,4,,,0.079,0.678
96,96,yqa3cg,"John Fetterman wins Pennsylvania Senate race, defeating TV doctor Mehmet Oz and flipping key state for Democrats",Sherrod Brown from Ohio would beg to differ..,265.0,0.0,0.0,3,,,0.0,1.0
97,97,yqa3cg,"John Fetterman wins Pennsylvania Senate race, defeating TV doctor Mehmet Oz and flipping key state for Democrats",Sanders.,827.0,0.0,0.0,3,,,0.0,1.0
98,98,yqa3cg,"John Fetterman wins Pennsylvania Senate race, defeating TV doctor Mehmet Oz and flipping key state for Democrats","I‚Äôm an old man, but I grew up picturing endless mills and forges when I thought of PA. That this isn‚Äôt a forgone conclusion fascinates me.",8.0,0.154,0.6124,4,,,0.0,0.846
99,99,yqa3cg,"John Fetterman wins Pennsylvania Senate race, defeating TV doctor Mehmet Oz and flipping key state for Democrats",Oz had a ton of outside financial support and Fetterman‚Äôs stroke was a huge blow.,8.0,0.312,0.6124,5,,,0.0,0.688
