id,title,url,score,num_comments,datetime_created
yqa3cg,"John Fetterman wins Pennsylvania Senate race, defeating TV doctor Mehmet Oz and flipping key state for Democrats",https://www.nbcnews.com/politics/2022-election/pennsylvania-senate-midterm-2022-john-fetterman-wins-election-rcna54935,112622,5168,2022-11-08 23:52:05
yvjde7,Democrat Katie Hobbs defeats MAGA favorite Kari Lake in high-stakes race for governor in Arizona,https://www.nbcnews.com/politics/2022-election/democrat-katie-hobbs-defeats-maga-favorite-kari-lake-high-stakes-race-rcna55172?icid=election_results,103586,4461,2022-11-14 19:48:48
ytp7ty,"Democrats maintain control of Senate, NBC News projects, defeating many Trump-backed Republicans",https://www.nbcnews.com/politics/2022-election/democrats-maintain-control-senate-nbc-news-projects-defeating-many-tru-rcna56677,95074,6955,2022-11-12 20:17:00
z22sbo,Supreme Court allows release of Trump's tax records to House Democrats,https://www.nbcnews.com/politics/supreme-court/supreme-court-allows-release-trumps-tax-records-house-democrats-rcna56644,83231,3112,2022-11-22 13:40:04
yhbmls,"Churches Are Breaking the Law by Endorsing in Elections, Experts Say. The IRS Looks the Other Way.",https://www.propublica.org/article/irs-church-nonprofit-endorsements-johnson-amendment,82022,3425,2022-10-30 06:05:28
z0exv9,"AOC Tells Boebert, ‘You Don’t Get to Thoughts and Prayers Your Way Out of’ LGBTQ Nightclub Shooting | ""You have played a major role in elevating anti-LGBT+ hate rhetoric and anti-trans lies while... blocking even the most common sense gun safety laws,"" Rep. Alexandria Ocasio-Cortez tweeted",https://www.rollingstone.com/politics/politics-news/aoc-lauren-boebert-prayers-lgbtq-club-shooting-1234633966/,81925,2561,2022-11-20 14:52:35
yy1m2p,GOP operative found guilty of funneling Russian money to Donald Trump,https://www.washingtonpost.com/dc-md-va/2022/11/17/benton-trump-russian-vasilenko-guilty/,79077,2713,2022-11-17 15:06:30
ym9iut,Supreme Court again declines to block Biden’s student loan relief plan,https://www.cnbc.com/2022/11/04/supreme-court-again-declines-to-block-bidens-student-loan-relief-plan.html,75719,3580,2022-11-04 15:30:04
ysv07r,"Democratic Sen. Mark Kelly re-elected in Arizona, defeating Republican Blake Masters",https://www.nbcnews.com/politics/2022-election/arizona-senate-race-rcna54927,75500,2427,2022-11-11 21:10:43
yzi8cf,"AOC responds to Elon Musk's poll to reinstate Trump's Twitter, saying the 'last time he was here this platform was used to incite an insurrection'",https://www.businessinsider.com/aoc-responds-musks-poll-reinstate-trumps-twitter-citing-insurrection-2022-11,73718,6121,2022-11-19 12:14:39
z033dy,Ex-Rand Paul aide convicted of illegally funneling Russian cash to Trump campaign,https://www.salon.com/2022/11/18/ex-rand-paul-aide-pardoned-by-convicted-of-illegally-funneling-russian-cash-to-campaign/,67987,1979,2022-11-20 06:37:22
yohmy9,House Analysis Confirms Corporations Use 'Cover of Inflation to Raise Prices Excessively',https://www.commondreams.org/news/2022/11/04/house-analysis-confirms-corporations-use-cover-inflation-raise-prices-excessively,67174,2799,2022-11-07 03:20:59
z37b13,Sarah Palin Just Lost a 50-Year GOP Seat to Alaska’s First Native Rep,https://www.motherjones.com/politics/2022/11/sarah-palin-just-lost-a-50-year-gop-seat-to-alaskas-first-native-rep/,67159,1834,2022-11-23 20:01:07
yxmksl,Mitch McConnell votes against interracial marriage despite Asian wife,https://www.newsweek.com/mitch-mcconnell-votes-against-interracial-marriage-despite-asian-wife-1760257,64466,5438,2022-11-17 04:15:19
z3nem2,Herschel Walker Committed 'Election Fraud' With Texas Residence: Analysts,https://www.newsweek.com/herschel-walker-committed-election-fraud-texas-residence-analysts-1762127,57036,1959,2022-11-24 09:53:37
yj9c4y,Supreme Court temporarily blocks Trump tax records from being given to Congress,https://www.cnbc.com/2022/11/01/supreme-court-temporarily-blocks-trump-tax-records-from-being-given-to-congress.html,55227,5591,2022-11-01 08:54:59
z36hmn,Democrat Mary Peltola defeats Sarah Palin in race for Alaska's at-large House seat,https://www.nbcnews.com/politics/2022-election/democrat-mary-peltola-defeats-sarah-palin-race-alaskas-large-house-sea-rcna58207,54660,1406,2022-11-23 19:21:49
ypzkoj,Poll worker seen wearing MAGA hat at poll station in South Bend,https://abc57.com/news/poll-worker-wearing-maga-hat-at-poll-station-allowed-to-do-so-poll-worker-says,54569,3244,2022-11-08 15:46:46
yqgr6h,'Seismic Win': Michigan Voters Approve Constitutional Amendment to Protect Abortion Rights,https://www.commondreams.org/news/2022/11/09/seismic-win-michigan-voters-approve-constitutional-amendment-protect-abortion-rights,54436,1317,2022-11-09 05:52:04
yt8o59,"5 months after the worst school shooting in Texas history, pro-gun Gov. Greg Abbott easily triumphed in Uvalde County",https://www.businessinsider.com/texas-pro-gun-gov-abbott-won-uvalde-despite-school-shooting-2022-11,53899,5946,2022-11-12 08:33:09
